game_title,game_id
Alewa,160698
Puzzle Scout,264279
Sweave,264278
Connectricity,187160
Soja Man,187163
Akonta,188623
Base2lab Games,265553
Anti-Poacher Xtreme,256893
Bubble Attack,268100
Penalty Challenge,212812
Ayoble,208139
Bill the Bowman,6517
Subway Surfers Seoul,111028
MTN Data Pro,254235
Tinbo Match,202864
Tinbo Quest,202901
Tinbo Strike,202908
Female Penalty Kicks,179560
Matatu Mike,193168
Tinbo Tales,202925
Tinbo Attack,202865
Tinbo Fuse,202862
One liner,9150
Dakar Secrets(Volume 2),267928
Fruit Spin,267873
Djambar Match 3 ,267870
Flavors of Africa,267878
Afro Racers,267890
Tip Top Monkey,267876
Afro Kick Tournament,267840
KayLudo,267830
Afro Kick Tournament,274894
Kayfish,273641
Juggle FC,273343
Construct a Bridge,20812
Wild Memory Match,25619
Banana Running,17555
Construct the Roads,27707
Chuck Chicken Memory Match,20121
Classic Solitaire,11013
CNY Mahjong,20568
Asante,173452
Seashore Treasure,9154
Echo Simon,17556
Onet Connect,25989
Hardest Game on Earth ,25531
Dumb Ways to Die  - The Original,23243
Drone Pickup Service,22305
Happy Hour,24307
Jump and Splat,7561
Crazy Truck Parking,17557
Happy Slushie,24308
Car Rush (French),165406
Car Rush,111058
Goalkeeper Challenge,125834
Nickelodeon Soccer Stars (French),166168
Monster Truck Driving,25910
Winter Soccer,11015
CR7 Penalty Kicks,112032
Ultimate Baseball,25880
Oddbods Soccer Challenge,25923
Bobblehead Soccer Royale,14931
Rugby Extreme,26074
Pro Wrestling Action,26027
Expert Goalkeeper,7530
Extreme Baseball,11014
Goalkeeper Challenge (French),168265
Ice Hockey Shootout ,25870
Power Badminton,25999
Crossbar Challenge,125837
CR7 Penalty Kicks (French),168264
Nickelodeon Soccer Stars,166167
SpongeBob Run (French),165405
Ultimate Ninja Swing,25878
Parkour Run,7149
Gravity Kid,24299
Cat Wizard Defense,19330
Zombie Buster (French),168242
Triangle Wars,25883
Marceline's Ice Blast | Adventure Time | Cartoon Network,111032
SpongeBob Run,111657
Protect the Kingdom,26028
Spidey Swing,25891
My Sweet Adventure,25913
Ben 10: Omniverse,118223
Epic City Driver,23245
Zombie Buster,111029
TMNT Epic Mutant Missions,112395
Santa Airlines,26075
Happy Crayons,24305
Spot the Patterns,25889
Oddbods Pizza Cafe,25922
Pepperoni Gone Wild,25991
Boj Colouring Book,18976
Piano Tile Reflex,25995
Mango Piggy Piggy Farm Harvest,25900
Didi & Friends Guess What,21980
Wheels on the Bus Sing Along,25622
Mango Piggy Piggy Hero,25901
DIY Kawaii Stickers,25892
Mango Piggy Piggy vs Bad Veggies,25902
Old MacDonald Farm Adventure,25925
Arty Mouse Sticker Book,18248
Oddbods Forest Run,25916
Didi & Friends Connect the Dots,21979
Arty Mouse Colouring Book,18154
Super Hero Memory Match,25886
Arty Mouse Build Me,18241
Hogie the Globehopper Adventure Puzzle,25866
Boj Giggly Park Adventure,18977
Oddbods Ice Cream Fight,25917
Didi & Friends Colouring Book,21978
How Smart are You?,25869
Arty Mouse Learn ABC,18246
Animal Trivia,17898
Pipe Master,9153
Dominoes,7507
Hexable,25863
Trivia Quiz,25881
Scratch & Match Animals,26076
Unblocked,25644
X-Trench Run,25616
Bomb the Bridge,19144
Air Battle,11010
Agent Curiosa vs. Rogue Robots,17811
Alien Town,17895
AirPlane Survival ,7461
Kill the Spy,9152
Stupid Zombies,9063
Chuck Chicken Magic Egg,20120
Elite SWAT Commander,23244
Duck Carnival Shoot,22306
3D Bottle Shooter,17764
Battleship War,112396
Maasai Mkali,173455
Married to a Prince,25903
My Pet Clinic,25912
Oddbods Monster Truck Driving,25918
Horace vs Cheese,25868
Love Bears,25898
Zanys Hospital,22308
London Jigsaw Puzzle,25897
Wordmeister,25618
Mama Mboga,160116
Candy Christmas,19207
Which Retailer are You,25621
Don't Mess Up,21982
Candy Super Match 3,112311
Chroma Challenge,20118
Jewel Crush,25871
Hearts Connect,25614
Tripoly,25882
Connect the Gems,20811
Pocket Pac,26413
Speed Pinball,9057
Fill the Gap,23247
Whack a Mole,9126
Brick Breaker,19145
Air Hockey,12519
Classic Pinball,11012
Laddu Champion,6527
City Ball Dunkin,20122
Jam Noma,173449
Climb the Rock,6522
Megacity Hop,25905
Hop Stars ,25867
Flip Jump,23249
Oil Hunt ,25924
Flip the Bottle,23250
Magical 8 Ball,25899
Knock Down Cans,12515
Bitcoin Tap Tap Mine,18859
Flip the Knife,23253
Muay Thai Training,25911
Ski Hero,26078
Flick Basketball ,23248
Pro Cricket Champion,26025
Karate Chop Kick,25876
Mini Golf Adventure,25909
Snowboard Hero,6333
Tennis is War,14928
Pro Bowling 3D,11016
Dream Body Workouts,22304
EZ Fitness,23246
Wham o Slip and Slide Party,25623
Unicorn Blast,6521
Skeleton Defense,26077
Dinosaur Run,6526
Koala Sling,7391
Cam & Leon Donut Hop,19205
Spiral Stairs,25890
Jumping Burger,25872
Oddbods Bubbles Jet Pack Adventures,25915
Rise Higher,6334
Super Jump,25885
Meowfia Evolution,25906
Count the Llamas,21131
Teddy Bubble Rescue,6519
Learn English for Spanish Native Speakers,25895
Math vs Bat,25904
Learn Spanish Basic Skills,25896
Learn English for Arabic Native Speakers,25893
Draw one Line,21981
Hangman,24304
Crossword Casual,21132
Simba,173596
Sky Castle ,26079
Halloween Chess,24303
Lock Master,6524
Holiday Crossword,9132
Trixology,6523
Bricked,6518
Block Wood Puzzle,18895
Battleships Ready Go,11011
Defend the Tank,21146
Spore Hunter,6525
Clash of Warlord Orcs,6529
DJ Dodger,173442
Turkana,173451
Afridoku,173444
High School Gossip,25865
Crown & Ambition,21133
Super Girl Story,25887
Chat Stories,19362
College Love Story,20569
Ravensworth High School Story,26073
Stack the Pancake,25888
Dumb Ways to Die 3 - World Tour,23242
Puzzle Slide Travel Edition,26072
Word Pop,25997